"","Date","HomeTeam","AwayTeam","FTHG","FTAG","FTR","HS","AS","HST","AST","HC","AC"
"1",2014-08-22,"Bayern Munich","Wolfsburg","2","1","H",17,9,10,4,9,3
"2",2014-08-23,"Dortmund","Leverkusen","0","2","A",11,11,4,2,8,4
"3",2014-08-23,"Ein Frankfurt","Freiburg","1","0","H",10,13,3,7,6,5
"4",2014-08-23,"FC Koln","Hamburg","0","0","D",10,19,3,4,3,6
"5",2014-08-23,"Hannover","Schalke 04","2","1","H",8,12,3,5,2,4
"6",2014-08-23,"Hertha","Werder Bremen","2","2","D",19,9,5,5,9,5
"7",2014-08-23,"Hoffenheim","Augsburg","2","0","H",10,12,3,2,7,3
"8",2014-08-24,"M'gladbach","Stuttgart","1","1","D",19,7,6,3,6,3
"9",2014-08-24,"Paderborn","Mainz","2","2","D",10,14,3,4,4,3
"10",2014-08-29,"Augsburg","Dortmund","2","3","A",12,22,3,9,3,6
"11",2014-08-30,"Hamburg","Paderborn","0","3","A",13,15,4,7,8,3
"12",2014-08-30,"Leverkusen","Hertha","4","2","H",21,3,7,1,5,6
"13",2014-08-30,"Schalke 04","Bayern Munich","1","1","D",8,10,4,4,1,3
"14",2014-08-30,"Stuttgart","FC Koln","0","2","A",14,10,5,4,7,4
"15",2014-08-30,"Werder Bremen","Hoffenheim","1","1","D",15,12,1,1,6,6
"16",2014-08-30,"Wolfsburg","Ein Frankfurt","2","2","D",14,9,11,4,4,3
"17",2014-08-31,"Freiburg","M'gladbach","0","0","D",17,9,4,3,4,5
"18",2014-08-31,"Mainz","Hannover","0","0","D",14,11,2,6,4,2
"19",2014-09-12,"Leverkusen","Werder Bremen","3","3","D",26,8,9,5,6,4
"20",2014-09-13,"Bayern Munich","Stuttgart","2","0","H",14,7,8,0,2,4
"21",2014-09-13,"Dortmund","Freiburg","3","1","H",15,4,6,3,3,5
"22",2014-09-13,"Hertha","Mainz","1","3","A",17,7,3,6,4,1
"23",2014-09-13,"Hoffenheim","Wolfsburg","1","1","D",15,22,6,5,4,7
"24",2014-09-13,"M'gladbach","Schalke 04","4","1","H",23,11,9,6,8,2
"25",2014-09-13,"Paderborn","FC Koln","0","0","D",8,4,4,1,5,1
"26",2014-09-14,"Ein Frankfurt","Augsburg","0","1","A",14,17,5,7,5,6
"27",2014-09-14,"Hannover","Hamburg","2","0","H",11,11,4,0,4,2
"28",2014-09-19,"Freiburg","Hertha","2","2","D",15,7,5,2,7,6
"29",2014-09-20,"Augsburg","Werder Bremen","4","2","H",19,13,7,6,6,5
"30",2014-09-20,"Hamburg","Bayern Munich","0","0","D",4,15,0,3,3,9
"31",2014-09-20,"Mainz","Dortmund","2","0","H",8,20,5,4,1,7
"32",2014-09-20,"Paderborn","Hannover","2","0","H",17,14,4,2,7,5
"33",2014-09-20,"Schalke 04","Ein Frankfurt","2","2","D",8,15,3,4,1,3
"34",2014-09-20,"Stuttgart","Hoffenheim","0","2","A",17,10,2,4,9,4
"35",2014-09-21,"FC Koln","M'gladbach","0","0","D",10,9,7,1,4,3
"36",2014-09-21,"Wolfsburg","Leverkusen","4","1","H",17,12,9,1,8,3
"37",2014-09-23,"Bayern Munich","Paderborn","4","0","H",25,6,9,2,9,3
"38",2014-09-23,"Ein Frankfurt","Mainz","2","2","D",16,5,8,5,9,3
"39",2014-09-23,"Hoffenheim","Freiburg","3","3","D",18,6,8,4,4,3
"40",2014-09-23,"Werder Bremen","Schalke 04","0","3","A",12,11,4,4,6,5
"41",2014-09-24,"Dortmund","Stuttgart","2","2","D",25,10,9,5,5,4
"42",2014-09-24,"Hannover","FC Koln","1","0","H",9,9,4,3,2,6
"43",2014-09-24,"Hertha","Wolfsburg","1","0","H",3,13,3,3,6,5
"44",2014-09-24,"Leverkusen","Augsburg","1","0","H",17,11,3,4,6,7
"45",2014-09-24,"M'gladbach","Hamburg","1","0","H",20,14,9,1,9,9
"46",2014-09-26,"Mainz","Hoffenheim","0","0","D",10,13,3,3,5,4
"47",2014-09-27,"FC Koln","Bayern Munich","0","2","A",8,21,3,8,2,11
"48",2014-09-27,"Freiburg","Leverkusen","0","0","D",8,16,3,8,5,3
"49",2014-09-27,"Paderborn","M'gladbach","1","2","A",24,11,8,4,9,0
"50",2014-09-27,"Schalke 04","Dortmund","2","1","H",11,17,6,5,3,9
"51",2014-09-27,"Stuttgart","Hannover","1","0","H",12,12,6,4,8,1
"52",2014-09-27,"Wolfsburg","Werder Bremen","2","1","H",18,8,8,3,8,5
"53",2014-09-28,"Augsburg","Hertha","1","0","H",8,10,3,3,3,9
"54",2014-09-28,"Hamburg","Ein Frankfurt","1","2","A",14,7,6,4,8,3
"55",2014-10-03,"Hertha","Stuttgart","3","2","H",12,9,9,2,3,7
"56",2014-10-04,"Bayern Munich","Hannover","4","0","H",23,6,9,3,11,1
"57",2014-10-04,"Dortmund","Hamburg","0","1","A",17,10,3,5,8,4
"58",2014-10-04,"Ein Frankfurt","FC Koln","3","2","H",19,12,8,7,6,2
"59",2014-10-04,"Hoffenheim","Schalke 04","2","1","H",20,13,8,3,5,3
"60",2014-10-04,"Leverkusen","Paderborn","2","2","D",21,8,10,5,9,2
"61",2014-10-04,"Werder Bremen","Freiburg","1","1","D",18,7,7,3,10,5
"62",2014-10-05,"M'gladbach","Mainz","1","1","D",18,8,10,2,2,3
"63",2014-10-05,"Wolfsburg","Augsburg","1","0","H",15,7,4,1,4,1
"64",2014-10-18,"Bayern Munich","Werder Bremen","6","0","H",19,0,6,0,10,0
"65",2014-10-18,"FC Koln","Dortmund","2","1","H",5,16,2,3,3,6
"66",2014-10-18,"Freiburg","Wolfsburg","1","2","A",14,15,7,8,6,2
"67",2014-10-18,"Hannover","M'gladbach","0","3","A",11,10,4,4,7,2
"68",2014-10-18,"Mainz","Augsburg","2","1","H",8,15,6,6,4,6
"69",2014-10-18,"Schalke 04","Hertha","2","0","H",7,15,3,4,0,5
"70",2014-10-18,"Stuttgart","Leverkusen","3","3","D",13,17,6,6,6,7
"71",2014-10-19,"Hamburg","Hoffenheim","1","1","D",17,9,6,4,5,2
"72",2014-10-19,"Paderborn","Ein Frankfurt","3","1","H",14,11,5,3,3,4
"73",2014-10-24,"Werder Bremen","FC Koln","0","1","A",11,10,4,4,8,1
"74",2014-10-25,"Augsburg","Freiburg","2","0","H",15,10,4,3,2,5
"75",2014-10-25,"Dortmund","Hannover","0","1","A",17,7,4,3,14,1
"76",2014-10-25,"Ein Frankfurt","Stuttgart","4","5","A",21,20,13,10,3,9
"77",2014-10-25,"Hertha","Hamburg","3","0","H",15,10,6,3,4,1
"78",2014-10-25,"Hoffenheim","Paderborn","1","0","H",19,11,5,1,6,4
"79",2014-10-25,"Leverkusen","Schalke 04","1","0","H",24,4,7,1,8,3
"80",2014-10-26,"M'gladbach","Bayern Munich","0","0","D",11,20,5,5,4,10
"81",2014-10-26,"Wolfsburg","Mainz","3","0","H",24,16,12,4,10,3
"82",2014-10-31,"Schalke 04","Augsburg","1","0","H",13,20,7,5,4,2
"83",2014-11-01,"Bayern Munich","Dortmund","2","1","H",25,10,14,4,9,2
"84",2014-11-01,"Hamburg","Leverkusen","1","0","H",5,11,1,2,1,3
"85",2014-11-01,"Hannover","Ein Frankfurt","1","0","H",14,6,3,4,10,4
"86",2014-11-01,"Mainz","Werder Bremen","1","2","A",21,9,3,7,8,1
"87",2014-11-01,"Stuttgart","Wolfsburg","0","4","A",13,15,4,6,4,6
"88",2014-11-02,"FC Koln","Freiburg","0","1","A",10,8,3,3,5,2
"89",2014-11-02,"M'gladbach","Hoffenheim","3","1","H",13,15,7,3,6,3
"90",2014-11-02,"Paderborn","Hertha","3","1","H",18,10,6,4,6,1
"91",2014-11-07,"Hertha","Hannover","0","2","A",7,12,1,5,4,7
"92",2014-11-08,"Augsburg","Paderborn","3","0","H",11,16,4,3,3,6
"93",2014-11-08,"Ein Frankfurt","Bayern Munich","0","4","A",6,19,2,9,4,8
"94",2014-11-08,"Freiburg","Schalke 04","2","0","H",19,11,9,4,3,1
"95",2014-11-08,"Hoffenheim","FC Koln","3","4","A",22,11,6,7,7,4
"96",2014-11-08,"Leverkusen","Mainz","0","0","D",24,6,6,1,13,0
"97",2014-11-08,"Werder Bremen","Stuttgart","2","0","H",12,8,4,1,4,4
"98",2014-11-09,"Dortmund","M'gladbach","1","0","H",22,1,6,0,7,0
"99",2014-11-09,"Wolfsburg","Hamburg","2","0","H",13,10,5,2,2,1
"100",2014-11-22,"Bayern Munich","Hoffenheim","4","0","H",17,11,9,5,9,5
"101",2014-11-22,"FC Koln","Hertha","1","2","A",12,10,2,6,3,5
"102",2014-11-22,"Hannover","Leverkusen","1","3","A",10,20,5,4,2,3
"103",2014-11-22,"Mainz","Freiburg","2","2","D",11,10,2,3,9,3
"104",2014-11-22,"M'gladbach","Ein Frankfurt","1","3","A",9,25,3,13,8,11
"105",2014-11-22,"Paderborn","Dortmund","2","2","D",8,13,4,5,1,6
"106",2014-11-22,"Schalke 04","Wolfsburg","3","2","H",9,17,6,2,2,7
"107",2014-11-23,"Hamburg","Werder Bremen","2","0","H",14,12,5,7,6,5
"108",2014-11-23,"Stuttgart","Augsburg","0","1","A",9,17,1,6,6,3
"109",2014-11-28,"Freiburg","Stuttgart","1","4","A",16,18,6,9,9,7
"110",2014-11-29,"Augsburg","Hamburg","3","1","H",13,9,8,3,4,4
"111",2014-11-29,"Hertha","Bayern Munich","0","1","A",4,15,1,5,2,3
"112",2014-11-29,"Hoffenheim","Hannover","4","3","H",16,13,7,5,5,3
"113",2014-11-29,"Leverkusen","FC Koln","5","1","H",25,5,10,1,7,3
"114",2014-11-29,"Schalke 04","Mainz","4","1","H",14,22,9,10,2,5
"115",2014-11-29,"Werder Bremen","Paderborn","4","0","H",24,15,13,4,9,6
"116",2014-11-30,"Ein Frankfurt","Dortmund","2","0","H",11,17,3,6,1,8
"117",2014-11-30,"Wolfsburg","M'gladbach","1","0","H",23,10,12,2,9,5
"118",2014-12-05,"Dortmund","Hoffenheim","1","0","H",19,6,6,1,8,3
"119",2014-12-06,"Bayern Munich","Leverkusen","1","0","H",9,3,3,1,8,3
"120",2014-12-06,"FC Koln","Augsburg","1","2","A",12,14,4,4,5,9
"121",2014-12-06,"Hannover","Wolfsburg","1","3","A",16,15,6,7,11,9
"122",2014-12-06,"M'gladbach","Hertha","3","2","H",13,11,10,3,4,3
"123",2014-12-06,"Paderborn","Freiburg","1","1","D",24,4,8,2,6,1
"124",2014-12-06,"Stuttgart","Schalke 04","0","4","A",13,13,3,6,4,6
"125",2014-12-07,"Ein Frankfurt","Werder Bremen","5","2","H",22,10,13,4,9,2
"126",2014-12-07,"Hamburg","Mainz","2","1","H",18,15,8,4,6,6
"127",2014-12-12,"Hoffenheim","Ein Frankfurt","3","2","H",20,19,8,7,4,6
"128",2014-12-13,"Augsburg","Bayern Munich","0","4","A",6,26,3,9,1,7
"129",2014-12-13,"Freiburg","Hamburg","0","0","D",10,10,4,1,4,2
"130",2014-12-13,"Hertha","Dortmund","1","0","H",5,18,3,5,2,9
"131",2014-12-13,"Mainz","Stuttgart","1","1","D",22,8,6,2,4,5
"132",2014-12-13,"Schalke 04","FC Koln","1","2","A",15,6,3,5,2,1
"133",2014-12-13,"Werder Bremen","Hannover","3","3","D",19,12,7,7,10,10
"134",2014-12-14,"Leverkusen","M'gladbach","1","1","D",22,7,5,3,5,6
"135",2014-12-14,"Wolfsburg","Paderborn","1","1","D",21,6,8,3,11,1
"136",2014-12-16,"Bayern Munich","Freiburg","2","0","H",31,2,13,0,10,1
"137",2014-12-16,"FC Koln","Mainz","0","0","D",11,13,1,1,9,3
"138",2014-12-16,"Hamburg","Stuttgart","0","1","A",8,16,2,6,6,5
"139",2014-12-16,"Hannover","Augsburg","2","0","H",10,10,3,5,8,5
"140",2014-12-17,"Dortmund","Wolfsburg","2","2","D",17,10,6,4,4,5
"141",2014-12-17,"Ein Frankfurt","Hertha","4","4","D",16,8,7,5,5,4
"142",2014-12-17,"Hoffenheim","Leverkusen","0","1","A",9,18,7,9,1,10
"143",2014-12-17,"M'gladbach","Werder Bremen","4","1","H",9,9,6,4,2,1
"144",2014-12-17,"Paderborn","Schalke 04","1","2","A",21,16,4,8,5,7
"145",2014-12-19,"Mainz","Bayern Munich","1","2","A",5,12,3,5,4,10
"146",2014-12-20,"Augsburg","M'gladbach","2","1","H",18,14,6,7,4,7
"147",2014-12-20,"Leverkusen","Ein Frankfurt","1","1","D",16,9,3,5,4,1
"148",2014-12-20,"Schalke 04","Hamburg","0","0","D",17,15,8,6,6,4
"149",2014-12-20,"Stuttgart","Paderborn","0","0","D",11,17,3,5,5,5
"150",2014-12-20,"Werder Bremen","Dortmund","2","1","H",12,14,3,5,2,6
"151",2014-12-20,"Wolfsburg","FC Koln","2","1","H",14,10,3,4,4,4
"152",2014-12-21,"Freiburg","Hannover","2","2","D",11,17,6,8,6,5
"153",2014-12-21,"Hertha","Hoffenheim","0","5","A",8,15,1,8,2,9
"154",2015-01-30,"Wolfsburg","Bayern Munich","4","1","H",13,16,6,7,1,5
"155",2015-01-31,"Freiburg","Ein Frankfurt","4","1","H",15,12,8,6,3,5
"156",2015-01-31,"Hamburg","FC Koln","0","2","A",10,15,3,6,3,3
"157",2015-01-31,"Leverkusen","Dortmund","0","0","D",7,10,3,2,4,3
"158",2015-01-31,"Mainz","Paderborn","5","0","H",21,10,8,2,9,4
"159",2015-01-31,"Schalke 04","Hannover","1","0","H",15,13,5,1,5,7
"160",2015-01-31,"Stuttgart","M'gladbach","0","1","A",12,10,1,2,4,8
"161",2015-02-01,"Augsburg","Hoffenheim","3","1","H",15,13,7,5,4,7
"162",2015-02-01,"Werder Bremen","Hertha","2","0","H",19,3,8,0,6,3
"163",2015-02-03,"Bayern Munich","Schalke 04","1","1","D",10,8,2,5,5,1
"164",2015-02-03,"Ein Frankfurt","Wolfsburg","1","1","D",12,9,4,2,1,6
"165",2015-02-03,"Hannover","Mainz","1","1","D",9,17,5,7,7,4
"166",2015-02-03,"M'gladbach","Freiburg","1","0","H",11,15,6,5,4,4
"167",2015-02-04,"Dortmund","Augsburg","0","1","A",15,8,6,3,4,1
"168",2015-02-04,"FC Koln","Stuttgart","0","0","D",5,7,0,4,2,4
"169",2015-02-04,"Hertha","Leverkusen","0","1","A",2,9,0,3,4,2
"170",2015-02-04,"Hoffenheim","Werder Bremen","1","2","A",13,10,5,6,7,1
"171",2015-02-04,"Paderborn","Hamburg","0","3","A",13,12,3,4,5,5
"172",2015-02-06,"Schalke 04","M'gladbach","1","0","H",10,8,4,1,5,3
"173",2015-02-07,"FC Koln","Paderborn","0","0","D",17,9,5,3,9,4
"174",2015-02-07,"Freiburg","Dortmund","0","3","A",7,22,1,12,3,5
"175",2015-02-07,"Hamburg","Hannover","2","1","H",6,21,3,7,3,10
"176",2015-02-07,"Mainz","Hertha","0","2","A",12,11,4,3,4,2
"177",2015-02-07,"Stuttgart","Bayern Munich","0","2","A",4,8,0,4,4,1
"178",2015-02-07,"Wolfsburg","Hoffenheim","3","0","H",9,16,5,4,2,4
"179",2015-02-08,"Augsburg","Ein Frankfurt","2","2","D",11,16,6,5,3,3
"180",2015-02-08,"Werder Bremen","Leverkusen","2","1","H",7,13,4,2,4,7
"181",2015-02-13,"Dortmund","Mainz","4","2","H",21,6,10,3,7,3
"182",2015-02-14,"Bayern Munich","Hamburg","8","0","H",25,7,14,2,3,0
"183",2015-02-14,"Ein Frankfurt","Schalke 04","1","0","H",8,8,2,6,5,7
"184",2015-02-14,"Hoffenheim","Stuttgart","2","1","H",21,7,6,3,10,2
"185",2015-02-14,"Leverkusen","Wolfsburg","4","5","A",15,13,7,9,5,1
"186",2015-02-14,"M'gladbach","FC Koln","1","0","H",19,14,8,1,10,1
"187",2015-02-14,"Werder Bremen","Augsburg","3","2","H",19,16,9,4,5,10
"188",2015-02-15,"Hannover","Paderborn","1","2","A",10,11,2,5,7,1
"189",2015-02-15,"Hertha","Freiburg","0","2","A",11,8,6,3,2,1
"190",2015-02-20,"Stuttgart","Dortmund","2","3","A",7,13,2,9,2,5
"191",2015-02-21,"Augsburg","Leverkusen","2","2","D",16,18,7,12,5,4
"192",2015-02-21,"FC Koln","Hannover","1","1","D",16,7,7,5,3,5
"193",2015-02-21,"Freiburg","Hoffenheim","1","1","D",10,14,5,5,4,1
"194",2015-02-21,"Mainz","Ein Frankfurt","3","1","H",13,8,6,1,6,1
"195",2015-02-21,"Paderborn","Bayern Munich","0","6","A",13,17,3,9,4,4
"196",2015-02-21,"Schalke 04","Werder Bremen","1","1","D",24,14,5,4,7,1
"197",2015-02-22,"Hamburg","M'gladbach","1","1","D",13,12,3,2,4,5
"198",2015-02-22,"Wolfsburg","Hertha","2","1","H",17,3,5,2,6,3
"199",2015-02-27,"Bayern Munich","FC Koln","4","1","H",23,9,9,4,14,5
"200",2015-02-28,"Dortmund","Schalke 04","3","0","H",31,3,13,0,9,5
"201",2015-02-28,"Ein Frankfurt","Hamburg","2","1","H",19,9,6,5,4,3
"202",2015-02-28,"Hannover","Stuttgart","1","1","D",16,9,5,1,8,4
"203",2015-02-28,"Hertha","Augsburg","1","0","H",9,11,4,3,4,5
"204",2015-02-28,"Hoffenheim","Mainz","2","0","H",16,19,5,4,6,9
"205",2015-02-28,"Leverkusen","Freiburg","1","0","H",11,3,4,2,3,2
"206",2015-03-01,"M'gladbach","Paderborn","2","0","H",19,17,7,3,10,8
"207",2015-03-01,"Werder Bremen","Wolfsburg","3","5","A",10,13,5,6,6,3
"208",2015-03-06,"Stuttgart","Hertha","0","0","D",14,7,3,2,8,2
"209",2015-03-07,"Augsburg","Wolfsburg","1","0","H",12,10,6,2,4,5
"210",2015-03-07,"Freiburg","Werder Bremen","0","1","A",14,16,5,4,6,5
"211",2015-03-07,"Hamburg","Dortmund","0","0","D",4,12,2,2,1,7
"212",2015-03-07,"Hannover","Bayern Munich","1","3","A",4,13,1,3,2,3
"213",2015-03-07,"Mainz","M'gladbach","2","2","D",23,6,7,3,7,4
"214",2015-03-07,"Schalke 04","Hoffenheim","3","1","H",14,18,5,7,3,4
"215",2015-03-08,"FC Koln","Ein Frankfurt","4","2","H",9,12,6,5,4,10
"216",2015-03-08,"Paderborn","Leverkusen","0","3","A",9,11,2,6,9,8
"217",2015-03-13,"Leverkusen","Stuttgart","4","0","H",11,9,5,5,3,4
"218",2015-03-14,"Augsburg","Mainz","0","2","A",13,12,2,7,4,2
"219",2015-03-14,"Dortmund","FC Koln","0","0","D",10,7,5,2,5,2
"220",2015-03-14,"Ein Frankfurt","Paderborn","4","0","H",11,8,6,3,9,3
"221",2015-03-14,"Hertha","Schalke 04","2","2","D",13,12,6,6,3,5
"222",2015-03-14,"Hoffenheim","Hamburg","3","0","H",20,10,7,2,9,6
"223",2015-03-14,"Werder Bremen","Bayern Munich","0","4","A",6,13,3,7,3,3
"224",2015-03-15,"M'gladbach","Hannover","2","0","H",23,7,8,1,2,5
"225",2015-03-15,"Wolfsburg","Freiburg","3","0","H",25,16,8,5,5,5
"226",2015-03-20,"Hamburg","Hertha","0","1","A",13,9,4,3,4,6
"227",2015-03-21,"FC Koln","Werder Bremen","1","1","D",14,11,2,6,8,6
"228",2015-03-21,"Freiburg","Augsburg","2","0","H",15,17,8,6,4,6
"229",2015-03-21,"Hannover","Dortmund","2","3","A",15,13,5,6,8,4
"230",2015-03-21,"Paderborn","Hoffenheim","0","0","D",15,8,7,2,9,4
"231",2015-03-21,"Schalke 04","Leverkusen","0","1","A",13,16,5,7,4,9
"232",2015-03-21,"Stuttgart","Ein Frankfurt","3","1","H",9,11,5,5,2,9
"233",2015-03-22,"Bayern Munich","M'gladbach","0","2","A",16,4,8,4,4,2
"234",2015-03-22,"Mainz","Wolfsburg","1","1","D",22,8,1,3,8,4
"235",2015-04-04,"Dortmund","Bayern Munich","0","1","A",15,7,2,2,2,1
"236",2015-04-04,"Ein Frankfurt","Hannover","2","2","D",13,15,7,6,4,9
"237",2015-04-04,"Freiburg","FC Koln","1","0","H",11,19,4,6,5,7
"238",2015-04-04,"Hoffenheim","M'gladbach","1","4","A",22,12,6,7,5,3
"239",2015-04-04,"Leverkusen","Hamburg","4","0","H",25,4,9,1,7,2
"240",2015-04-04,"Werder Bremen","Mainz","0","0","D",15,15,5,3,3,2
"241",2015-04-04,"Wolfsburg","Stuttgart","3","1","H",23,13,9,5,8,7
"242",2015-04-05,"Augsburg","Schalke 04","0","0","D",21,18,3,3,4,4
"243",2015-04-05,"Hertha","Paderborn","2","0","H",13,8,5,2,3,2
"244",2015-04-10,"Hannover","Hertha","1","1","D",11,9,5,3,10,2
"245",2015-04-11,"Bayern Munich","Ein Frankfurt","3","0","H",19,4,10,1,3,0
"246",2015-04-11,"Hamburg","Wolfsburg","0","2","A",5,15,0,8,3,5
"247",2015-04-11,"Mainz","Leverkusen","2","3","A",8,9,2,5,4,2
"248",2015-04-11,"M'gladbach","Dortmund","3","1","H",12,17,7,3,6,6
"249",2015-04-11,"Paderborn","Augsburg","2","1","H",14,16,4,5,6,7
"250",2015-04-11,"Schalke 04","Freiburg","0","0","D",21,10,6,3,8,6
"251",2015-04-12,"FC Koln","Hoffenheim","3","2","H",18,24,6,8,3,3
"252",2015-04-12,"Stuttgart","Werder Bremen","3","2","H",15,12,3,3,9,3
"253",2015-04-17,"Ein Frankfurt","M'gladbach","0","0","D",17,11,5,4,8,5
"254",2015-04-18,"Augsburg","Stuttgart","2","1","H",12,16,4,7,2,6
"255",2015-04-18,"Dortmund","Paderborn","3","0","H",21,2,8,0,5,3
"256",2015-04-18,"Freiburg","Mainz","2","3","A",25,12,10,5,10,5
"257",2015-04-18,"Hertha","FC Koln","0","0","D",10,7,4,2,8,11
"258",2015-04-18,"Hoffenheim","Bayern Munich","0","2","A",8,20,1,5,1,10
"259",2015-04-18,"Leverkusen","Hannover","4","0","H",25,5,10,1,11,0
"260",2015-04-19,"Werder Bremen","Hamburg","1","0","H",11,8,5,2,3,0
"261",2015-04-19,"Wolfsburg","Schalke 04","1","1","D",26,7,9,2,7,1
"262",2015-04-24,"Mainz","Schalke 04","2","0","H",11,18,3,2,4,6
"263",2015-04-25,"Bayern Munich","Hertha","1","0","H",16,8,7,3,5,2
"264",2015-04-25,"Dortmund","Ein Frankfurt","2","0","H",12,11,4,0,2,2
"265",2015-04-25,"FC Koln","Leverkusen","1","1","D",14,9,4,5,5,4
"266",2015-04-25,"Hamburg","Augsburg","3","2","H",15,14,8,3,2,4
"267",2015-04-25,"Hannover","Hoffenheim","1","2","A",12,13,5,4,2,6
"268",2015-04-25,"Stuttgart","Freiburg","2","2","D",11,14,3,7,4,6
"269",2015-04-26,"M'gladbach","Wolfsburg","1","0","H",19,9,5,0,4,5
"270",2015-04-26,"Paderborn","Werder Bremen","2","2","D",20,13,8,6,14,6
"271",2015-05-02,"Augsburg","FC Koln","0","0","D",16,6,3,1,8,5
"272",2015-05-02,"Freiburg","Paderborn","1","2","A",15,14,5,6,8,6
"273",2015-05-02,"Hoffenheim","Dortmund","1","1","D",15,11,4,3,8,5
"274",2015-05-02,"Leverkusen","Bayern Munich","2","0","H",20,9,8,5,12,4
"275",2015-05-02,"Schalke 04","Stuttgart","3","2","H",20,15,6,7,5,4
"276",2015-05-02,"Werder Bremen","Ein Frankfurt","1","0","H",16,14,8,5,10,5
"277",2015-05-02,"Wolfsburg","Hannover","2","2","D",20,15,4,9,5,5
"278",2015-05-03,"Hertha","M'gladbach","1","2","A",10,18,3,7,3,3
"279",2015-05-03,"Mainz","Hamburg","1","2","A",9,13,5,5,8,2
"280",2015-05-08,"Hamburg","Freiburg","1","1","D",16,15,8,7,5,6
"281",2015-05-09,"Bayern Munich","Augsburg","0","1","A",16,12,4,4,4,5
"282",2015-05-09,"Dortmund","Hertha","2","0","H",15,2,4,0,7,3
"283",2015-05-09,"Ein Frankfurt","Hoffenheim","3","1","H",13,8,4,5,1,1
"284",2015-05-09,"Hannover","Werder Bremen","1","1","D",12,9,3,3,8,1
"285",2015-05-09,"M'gladbach","Leverkusen","3","0","H",10,19,7,2,6,10
"286",2015-05-09,"Stuttgart","Mainz","2","0","H",18,7,7,2,7,2
"287",2015-05-10,"FC Koln","Schalke 04","2","0","H",13,5,6,1,5,6
"288",2015-05-10,"Paderborn","Wolfsburg","1","3","A",16,10,4,5,11,3
"289",2015-05-16,"Augsburg","Hannover","1","2","A",8,8,2,3,3,4
"290",2015-05-16,"Freiburg","Bayern Munich","2","1","H",9,17,3,6,2,10
"291",2015-05-16,"Hertha","Ein Frankfurt","0","0","D",9,1,2,0,4,4
"292",2015-05-16,"Leverkusen","Hoffenheim","2","0","H",13,16,4,5,4,9
"293",2015-05-16,"Mainz","FC Koln","2","0","H",18,12,6,4,2,5
"294",2015-05-16,"Schalke 04","Paderborn","1","0","H",18,22,2,4,10,9
"295",2015-05-16,"Stuttgart","Hamburg","2","1","H",22,7,11,1,9,2
"296",2015-05-16,"Werder Bremen","M'gladbach","0","2","A",19,14,3,4,5,4
"297",2015-05-16,"Wolfsburg","Dortmund","2","1","H",12,17,8,3,6,5
"298",2015-05-23,"Bayern Munich","Mainz","2","0","H",20,7,7,5,5,3
"299",2015-05-23,"Dortmund","Werder Bremen","3","2","H",22,7,8,4,9,1
"300",2015-05-23,"Ein Frankfurt","Leverkusen","2","1","H",8,19,3,7,3,8
"301",2015-05-23,"FC Koln","Wolfsburg","2","2","D",12,15,3,5,4,8
"302",2015-05-23,"Hamburg","Schalke 04","2","0","H",11,11,4,4,3,6
"303",2015-05-23,"Hannover","Freiburg","2","1","H",11,9,6,5,3,5
"304",2015-05-23,"Hoffenheim","Hertha","2","1","H",16,4,5,1,1,2
"305",2015-05-23,"M'gladbach","Augsburg","1","3","A",10,15,3,4,1,6
"306",2015-05-23,"Paderborn","Stuttgart","1","2","A",15,18,5,3,2,8
"307",2015-08-14,"Bayern Munich","Hamburg","5","0","H",23,5,9,1,7,0
"308",2015-08-15,"Augsburg","Hertha","0","1","A",20,11,3,4,7,4
"309",2015-08-15,"Darmstadt","Hannover","2","2","D",11,14,4,5,5,9
"310",2015-08-15,"Dortmund","M'gladbach","4","0","H",17,5,7,1,3,5
"311",2015-08-15,"Leverkusen","Hoffenheim","2","1","H",25,6,9,2,13,5
"312",2015-08-15,"Mainz","Ingolstadt","0","1","A",9,14,3,5,6,2
"313",2015-08-15,"Werder Bremen","Schalke 04","0","3","A",15,16,2,5,5,6
"314",2015-08-16,"Stuttgart","FC Koln","1","3","A",28,9,8,5,13,3
"315",2015-08-16,"Wolfsburg","Ein Frankfurt","2","1","H",5,13,3,6,7,3
"316",2015-08-21,"Hertha","Werder Bremen","1","1","D",10,9,2,3,6,2
"317",2015-08-22,"Ein Frankfurt","Augsburg","1","1","D",11,14,3,4,7,4
"318",2015-08-22,"FC Koln","Wolfsburg","1","1","D",9,15,6,7,2,4
"319",2015-08-22,"Hamburg","Stuttgart","3","2","H",14,12,5,4,0,5
"320",2015-08-22,"Hannover","Leverkusen","0","1","A",6,11,3,4,3,8
"321",2015-08-22,"Hoffenheim","Bayern Munich","1","2","A",2,5,1,2,1,2
"322",2015-08-22,"Schalke 04","Darmstadt","1","1","D",21,9,5,3,6,6
"323",2015-08-23,"Ingolstadt","Dortmund","0","4","A",3,18,2,8,1,4
"324",2015-08-23,"M'gladbach","Mainz","1","2","A",15,13,6,4,3,0
"325",2015-08-28,"Wolfsburg","Schalke 04","3","0","H",9,12,5,1,2,3
"326",2015-08-29,"Augsburg","Ingolstadt","0","1","A",10,16,2,3,3,4
"327",2015-08-29,"Bayern Munich","Leverkusen","3","0","H",14,10,6,4,7,5
"328",2015-08-29,"Darmstadt","Hoffenheim","0","0","D",5,15,1,2,4,6
"329",2015-08-29,"FC Koln","Hamburg","2","1","H",6,17,3,7,3,8
"330",2015-08-29,"Mainz","Hannover","3","0","H",18,11,6,4,8,5
"331",2015-08-29,"Stuttgart","Ein Frankfurt","1","4","A",15,6,4,4,6,1
"332",2015-08-30,"Dortmund","Hertha","3","1","H",15,4,6,4,5,1
"333",2015-08-30,"Werder Bremen","M'gladbach","2","1","H",22,9,6,5,5,6
"334",2015-09-11,"M'gladbach","Hamburg","0","3","A",13,10,2,4,5,2
"335",2015-09-12,"Bayern Munich","Augsburg","2","1","H",27,4,10,1,9,0
"336",2015-09-12,"Ein Frankfurt","FC Koln","6","2","H",18,13,11,7,5,2
"337",2015-09-12,"Hannover","Dortmund","2","4","A",5,17,3,6,2,4
"338",2015-09-12,"Hertha","Stuttgart","2","1","H",9,11,4,3,5,7
"339",2015-09-12,"Ingolstadt","Wolfsburg","0","0","D",5,17,1,3,2,5
"340",2015-09-12,"Leverkusen","Darmstadt","0","1","A",16,5,4,3,10,4
"341",2015-09-13,"Hoffenheim","Werder Bremen","1","3","A",10,16,5,6,7,3
"342",2015-09-13,"Schalke 04","Mainz","2","1","H",24,15,7,4,5,7
"343",2015-09-18,"Mainz","Hoffenheim","3","1","H",12,13,4,4,6,8
"344",2015-09-19,"Darmstadt","Bayern Munich","0","3","A",5,18,2,6,1,5
"345",2015-09-19,"FC Koln","M'gladbach","1","0","H",11,9,5,2,2,2
"346",2015-09-19,"Hamburg","Ein Frankfurt","0","0","D",11,7,2,4,5,11
"347",2015-09-19,"Werder Bremen","Ingolstadt","0","1","A",13,13,4,4,8,5
"348",2015-09-19,"Wolfsburg","Hertha","2","0","H",14,9,4,4,7,5
"349",2015-09-20,"Augsburg","Hannover","2","0","H",17,16,8,2,6,6
"350",2015-09-20,"Dortmund","Leverkusen","3","0","H",22,8,10,3,3,1
"351",2015-09-20,"Stuttgart","Schalke 04","0","1","A",26,10,9,6,6,5
"352",2015-09-22,"Bayern Munich","Wolfsburg","5","1","H",17,7,12,2,5,1
"353",2015-09-22,"Darmstadt","Werder Bremen","2","1","H",9,12,3,4,5,1
"354",2015-09-22,"Hertha","FC Koln","2","0","H",17,13,8,7,6,1
"355",2015-09-22,"Ingolstadt","Hamburg","0","1","A",12,8,1,3,8,5
"356",2015-09-23,"Hannover","Stuttgart","1","3","A",8,19,3,12,3,7
"357",2015-09-23,"Hoffenheim","Dortmund","1","1","D",10,14,5,4,5,4
"358",2015-09-23,"Leverkusen","Mainz","1","0","H",20,3,6,2,11,3
"359",2015-09-23,"M'gladbach","Augsburg","4","2","H",21,13,12,4,6,2
"360",2015-09-23,"Schalke 04","Ein Frankfurt","2","0","H",13,18,7,6,5,7
"361",2015-09-25,"FC Koln","Ingolstadt","1","1","D",15,16,4,5,8,4
"362",2015-09-26,"Augsburg","Hoffenheim","1","3","A",26,11,9,5,7,3
"363",2015-09-26,"Hamburg","Schalke 04","0","1","A",13,10,4,5,4,4
"364",2015-09-26,"Mainz","Bayern Munich","0","3","A",6,17,1,9,3,4
"365",2015-09-26,"Stuttgart","M'gladbach","1","3","A",22,9,6,5,12,3
"366",2015-09-26,"Werder Bremen","Leverkusen","0","3","A",9,17,0,7,2,6
"367",2015-09-26,"Wolfsburg","Hannover","1","1","D",22,8,9,3,9,0
"368",2015-09-27,"Dortmund","Darmstadt","2","2","D",16,4,4,3,8,0
"369",2015-09-27,"Ein Frankfurt","Hertha","1","1","D",11,14,2,6,7,3
"370",2015-10-02,"Darmstadt","Mainz","2","3","A",14,14,4,7,2,6
"371",2015-10-03,"Hannover","Werder Bremen","1","0","H",12,19,5,6,7,6
"372",2015-10-03,"Hertha","Hamburg","3","0","H",13,8,6,2,4,5
"373",2015-10-03,"Hoffenheim","Stuttgart","2","2","D",11,18,4,7,6,5
"374",2015-10-03,"Ingolstadt","Ein Frankfurt","2","0","H",14,12,4,2,4,3
"375",2015-10-03,"M'gladbach","Wolfsburg","2","0","H",10,10,3,3,3,1
"376",2015-10-04,"Bayern Munich","Dortmund","5","1","H",14,10,9,4,4,4
"377",2015-10-04,"Leverkusen","Augsburg","1","1","D",22,3,8,0,9,1
"378",2015-10-04,"Schalke 04","FC Koln","0","3","A",17,12,7,4,3,2
"379",2015-10-16,"Mainz","Dortmund","0","2","A",11,16,5,6,8,4
"380",2015-10-17,"Augsburg","Darmstadt","0","2","A",20,12,3,5,2,4
"381",2015-10-17,"Ein Frankfurt","M'gladbach","1","5","A",7,16,2,6,1,1
"382",2015-10-17,"Hamburg","Leverkusen","0","0","D",8,10,3,3,3,5
"383",2015-10-17,"Schalke 04","Hertha","2","1","H",19,9,9,5,7,6
"384",2015-10-17,"Werder Bremen","Bayern Munich","0","1","A",8,13,2,4,2,3
"385",2015-10-17,"Wolfsburg","Hoffenheim","4","2","H",16,7,9,3,5,4
"386",2015-10-18,"FC Koln","Hannover","0","1","A",16,8,5,4,12,3
"387",2015-10-18,"Stuttgart","Ingolstadt","1","0","H",12,11,4,6,6,5
"388",2015-10-23,"Hoffenheim","Hamburg","0","1","A",12,20,3,5,1,5
"389",2015-10-24,"Bayern Munich","FC Koln","4","0","H",26,4,14,2,10,0
"390",2015-10-24,"Darmstadt","Wolfsburg","0","1","A",9,19,3,6,5,3
"391",2015-10-24,"Hannover","Ein Frankfurt","1","2","A",10,5,4,4,3,2
"392",2015-10-24,"Ingolstadt","Hertha","0","1","A",18,5,3,1,8,2
"393",2015-10-24,"Leverkusen","Stuttgart","4","3","H",19,12,6,6,5,3
"394",2015-10-24,"Mainz","Werder Bremen","1","3","A",16,14,5,8,4,4
"395",2015-10-25,"Dortmund","Augsburg","5","1","H",19,4,9,3,6,4
"396",2015-10-25,"M'gladbach","Schalke 04","3","1","H",16,13,10,5,3,6
"397",2015-10-30,"Ein Frankfurt","Bayern Munich","0","0","D",8,10,2,2,5,5
"398",2015-10-31,"Augsburg","Mainz","3","3","D",25,10,10,6,11,4
"399",2015-10-31,"FC Koln","Hoffenheim","0","0","D",13,10,4,4,5,5
"400",2015-10-31,"Hertha","M'gladbach","1","4","A",14,11,6,7,5,4
"401",2015-10-31,"Schalke 04","Ingolstadt","1","1","D",18,7,3,2,3,3
"402",2015-10-31,"Werder Bremen","Dortmund","1","3","A",8,11,2,6,1,9
"403",2015-10-31,"Wolfsburg","Leverkusen","2","1","H",13,15,5,6,5,5
"404",2015-11-01,"Hamburg","Hannover","1","2","A",17,5,4,2,5,3
"405",2015-11-01,"Stuttgart","Darmstadt","2","0","H",18,17,3,5,7,5
"406",2015-11-06,"Hannover","Hertha","1","3","A",7,12,2,4,2,2
"407",2015-11-07,"Bayern Munich","Stuttgart","4","0","H",33,5,14,2,7,3
"408",2015-11-07,"Darmstadt","Hamburg","1","1","D",15,8,3,3,3,2
"409",2015-11-07,"Hoffenheim","Ein Frankfurt","0","0","D",8,17,2,9,1,3
"410",2015-11-07,"Leverkusen","FC Koln","1","2","A",12,17,4,8,6,9
"411",2015-11-07,"Mainz","Wolfsburg","2","0","H",12,8,5,0,4,3
"412",2015-11-07,"M'gladbach","Ingolstadt","0","0","D",11,14,5,2,4,3
"413",2015-11-08,"Augsburg","Werder Bremen","1","2","A",18,15,6,4,7,4
"414",2015-11-08,"Dortmund","Schalke 04","3","2","H",14,9,7,3,5,3
"415",2015-11-20,"Hamburg","Dortmund","3","1","H",7,21,2,7,2,7
"416",2015-11-21,"Ein Frankfurt","Leverkusen","1","3","A",9,17,1,11,3,8
"417",2015-11-21,"FC Koln","Mainz","0","0","D",14,7,3,1,6,1
"418",2015-11-21,"M'gladbach","Hannover","2","1","H",21,14,9,8,12,4
"419",2015-11-21,"Schalke 04","Bayern Munich","1","3","A",5,24,1,8,4,6
"420",2015-11-21,"Stuttgart","Augsburg","0","4","A",18,13,5,6,6,4
"421",2015-11-21,"Wolfsburg","Werder Bremen","6","0","H",21,9,12,2,7,3
"422",2015-11-22,"Hertha","Hoffenheim","1","0","H",1,7,0,0,2,3
"423",2015-11-22,"Ingolstadt","Darmstadt","3","1","H",16,8,6,2,5,5
"424",2015-11-27,"Darmstadt","FC Koln","0","0","D",9,12,1,2,4,7
"425",2015-11-28,"Bayern Munich","Hertha","2","0","H",24,4,9,1,9,1
"426",2015-11-28,"Hannover","Ingolstadt","4","0","H",8,11,4,5,3,4
"427",2015-11-28,"Hoffenheim","M'gladbach","3","3","D",18,16,6,8,8,6
"428",2015-11-28,"Mainz","Ein Frankfurt","2","1","H",14,15,8,5,3,7
"429",2015-11-28,"Werder Bremen","Hamburg","1","3","A",14,13,3,6,6,3
"430",2015-11-29,"Augsburg","Wolfsburg","0","0","D",13,17,4,3,4,7
"431",2015-11-29,"Dortmund","Stuttgart","4","1","H",14,8,9,3,5,4
"432",2015-11-29,"Leverkusen","Schalke 04","1","1","D",18,8,6,3,9,5
"433",2015-12-04,"Schalke 04","Hannover","3","1","H",26,7,8,1,6,4
"434",2015-12-05,"FC Koln","Augsburg","0","1","A",22,22,8,8,7,6
"435",2015-12-05,"Hamburg","Mainz","1","3","A",20,11,7,6,2,3
"436",2015-12-05,"Hertha","Leverkusen","2","1","H",10,8,4,2,8,2
"437",2015-12-05,"Ingolstadt","Hoffenheim","1","1","D",9,7,2,2,2,1
"438",2015-12-05,"M'gladbach","Bayern Munich","3","1","H",13,22,6,6,3,9
"439",2015-12-05,"Wolfsburg","Dortmund","1","2","A",22,14,8,6,9,5
"440",2015-12-06,"Ein Frankfurt","Darmstadt","0","1","A",15,19,3,4,10,7
"441",2015-12-06,"Stuttgart","Werder Bremen","1","1","D",12,7,4,2,4,5
"442",2015-12-11,"Mainz","Stuttgart","0","0","D",6,11,4,2,5,2
"443",2015-12-12,"Bayern Munich","Ingolstadt","2","0","H",14,9,8,4,4,4
"444",2015-12-12,"Darmstadt","Hertha","0","4","A",10,9,3,5,4,3
"445",2015-12-12,"Hoffenheim","Hannover","1","0","H",14,19,5,2,3,10
"446",2015-12-12,"Leverkusen","M'gladbach","5","0","H",14,6,6,2,4,2
"447",2015-12-12,"Werder Bremen","FC Koln","1","1","D",10,12,6,3,6,4
"448",2015-12-12,"Wolfsburg","Hamburg","1","1","D",19,5,9,4,10,4
"449",2015-12-13,"Augsburg","Schalke 04","2","1","H",22,15,6,5,6,5
"450",2015-12-13,"Dortmund","Ein Frankfurt","4","1","H",24,3,11,2,14,1
"451",2015-12-18,"Schalke 04","Hoffenheim","1","0","H",16,18,3,1,3,1
"452",2015-12-19,"Ein Frankfurt","Werder Bremen","2","1","H",16,11,6,4,6,3
"453",2015-12-19,"FC Koln","Dortmund","2","1","H",14,14,6,3,6,6
"454",2015-12-19,"Hamburg","Augsburg","0","1","A",14,17,2,7,4,6
"455",2015-12-19,"Hannover","Bayern Munich","0","1","A",6,20,1,11,5,5
"456",2015-12-19,"Ingolstadt","Leverkusen","0","1","A",11,9,3,2,6,3
"457",2015-12-19,"Stuttgart","Wolfsburg","3","1","H",9,17,6,7,1,3
"458",2015-12-20,"Hertha","Mainz","2","0","H",7,5,5,0,6,2
"459",2015-12-20,"M'gladbach","Darmstadt","3","2","H",13,15,5,6,1,5
"460",2016-01-22,"Hamburg","Bayern Munich","1","2","A",7,20,1,5,2,7
"461",2016-01-23,"FC Koln","Stuttgart","1","3","A",15,16,4,8,8,5
"462",2016-01-23,"Hannover","Darmstadt","1","2","A",13,13,5,5,6,4
"463",2016-01-23,"Hertha","Augsburg","0","0","D",12,11,2,5,6,2
"464",2016-01-23,"Hoffenheim","Leverkusen","1","1","D",5,17,3,8,2,9
"465",2016-01-23,"Ingolstadt","Mainz","1","0","H",9,7,4,4,3,1
"466",2016-01-23,"M'gladbach","Dortmund","1","3","A",10,12,3,4,3,1
"467",2016-01-24,"Ein Frankfurt","Wolfsburg","3","2","H",12,18,6,11,3,3
"468",2016-01-24,"Schalke 04","Werder Bremen","1","3","A",20,17,4,6,13,1
"469",2016-01-29,"Mainz","M'gladbach","1","0","H",13,12,2,7,8,4
"470",2016-01-30,"Augsburg","Ein Frankfurt","0","0","D",7,13,2,6,4,2
"471",2016-01-30,"Darmstadt","Schalke 04","0","2","A",6,11,2,7,2,9
"472",2016-01-30,"Dortmund","Ingolstadt","2","0","H",11,5,6,3,4,1
"473",2016-01-30,"Leverkusen","Hannover","3","0","H",14,7,6,2,6,6
"474",2016-01-30,"Stuttgart","Hamburg","2","1","H",24,13,11,5,10,4
"475",2016-01-30,"Werder Bremen","Hertha","3","3","D",16,12,6,4,6,6
"476",2016-01-31,"Bayern Munich","Hoffenheim","2","0","H",29,5,9,2,10,2
"477",2016-01-31,"Wolfsburg","FC Koln","1","1","D",17,11,4,4,5,5
"478",2016-02-05,"M'gladbach","Werder Bremen","5","1","H",17,15,9,4,2,7
"479",2016-02-06,"Ein Frankfurt","Stuttgart","2","4","A",17,16,7,9,2,7
"480",2016-02-06,"Hannover","Mainz","0","1","A",9,14,2,2,3,4
"481",2016-02-06,"Hertha","Dortmund","0","0","D",10,9,4,2,3,3
"482",2016-02-06,"Ingolstadt","Augsburg","2","1","H",24,7,4,2,8,3
"483",2016-02-06,"Leverkusen","Bayern Munich","0","0","D",6,9,2,1,6,8
"484",2016-02-06,"Schalke 04","Wolfsburg","3","0","H",15,14,3,2,6,6
"485",2016-02-07,"Hamburg","FC Koln","1","1","D",5,20,4,6,4,10
"486",2016-02-07,"Hoffenheim","Darmstadt","0","2","A",12,11,1,5,8,7
"487",2016-02-12,"Mainz","Schalke 04","2","1","H",11,14,4,3,5,7
"488",2016-02-13,"Darmstadt","Leverkusen","1","2","A",12,14,6,3,3,6
"489",2016-02-13,"Dortmund","Hannover","1","0","H",14,4,7,1,10,3
"490",2016-02-13,"FC Koln","Ein Frankfurt","3","1","H",11,14,7,4,4,8
"491",2016-02-13,"Stuttgart","Hertha","2","0","H",15,7,6,3,10,1
"492",2016-02-13,"Werder Bremen","Hoffenheim","1","1","D",17,11,10,4,6,2
"493",2016-02-13,"Wolfsburg","Ingolstadt","2","0","H",8,11,5,2,6,7
"494",2016-02-14,"Augsburg","Bayern Munich","1","3","A",7,24,2,10,2,5
"495",2016-02-14,"Hamburg","M'gladbach","3","2","H",17,10,9,4,3,6
"496",2016-02-19,"Ein Frankfurt","Hamburg","0","0","D",8,10,2,1,3,3
"497",2016-02-20,"Bayern Munich","Darmstadt","3","1","H",36,6,13,5,18,0
"498",2016-02-20,"Hertha","Wolfsburg","1","1","D",9,13,5,6,3,5
"499",2016-02-20,"Hoffenheim","Mainz","3","2","H",13,13,4,6,6,2
"500",2016-02-20,"Ingolstadt","Werder Bremen","2","0","H",9,12,4,2,0,4
"501",2016-02-20,"M'gladbach","FC Koln","1","0","H",16,12,5,6,4,4
"502",2016-02-21,"Hannover","Augsburg","0","1","A",16,11,6,6,5,2
"503",2016-02-21,"Leverkusen","Dortmund","0","1","A",9,7,2,2,8,1
"504",2016-02-21,"Schalke 04","Stuttgart","1","1","D",15,19,5,8,4,13
"505",2016-02-26,"FC Koln","Hertha","0","1","A",15,10,3,3,2,8
"506",2016-02-27,"Hamburg","Ingolstadt","1","1","D",7,12,2,3,2,5
"507",2016-02-27,"Stuttgart","Hannover","1","2","A",22,12,10,8,17,1
"508",2016-02-27,"Werder Bremen","Darmstadt","2","2","D",16,8,7,3,4,2
"509",2016-02-27,"Wolfsburg","Bayern Munich","0","2","A",12,14,8,4,1,7
"510",2016-02-28,"Augsburg","M'gladbach","2","2","D",24,10,4,7,2,5
"511",2016-02-28,"Dortmund","Hoffenheim","3","1","H",26,9,9,4,11,7
"512",2016-02-28,"Ein Frankfurt","Schalke 04","0","0","D",11,7,5,2,5,3
"513",2016-02-28,"Mainz","Leverkusen","3","1","H",14,12,7,4,1,12
"514",2016-03-01,"Hannover","Wolfsburg","0","4","A",6,23,2,11,1,7
"515",2016-03-01,"Ingolstadt","FC Koln","1","1","D",14,8,3,3,7,2
"516",2016-03-02,"Bayern Munich","Mainz","1","2","A",16,5,6,3,11,0
"517",2016-03-02,"Darmstadt","Dortmund","0","2","A",5,13,1,7,2,4
"518",2016-03-02,"Hertha","Ein Frankfurt","2","0","H",11,11,6,3,2,3
"519",2016-03-02,"Hoffenheim","Augsburg","2","1","H",14,14,7,3,7,6
"520",2016-03-02,"Leverkusen","Werder Bremen","1","4","A",16,11,6,4,9,6
"521",2016-03-02,"M'gladbach","Stuttgart","4","0","H",14,9,6,3,2,4
"522",2016-03-02,"Schalke 04","Hamburg","3","2","H",26,8,9,4,8,6
"523",2016-03-05,"Augsburg","Leverkusen","3","3","D",10,20,5,5,0,5
"524",2016-03-05,"Dortmund","Bayern Munich","0","0","D",11,17,3,4,2,6
"525",2016-03-05,"Ein Frankfurt","Ingolstadt","1","1","D",21,12,3,6,8,2
"526",2016-03-05,"FC Koln","Schalke 04","1","3","A",17,18,9,4,7,5
"527",2016-03-05,"Stuttgart","Hoffenheim","5","1","H",21,13,11,4,11,1
"528",2016-03-05,"Werder Bremen","Hannover","4","1","H",14,15,5,5,4,4
"529",2016-03-05,"Wolfsburg","M'gladbach","2","1","H",11,14,3,5,1,3
"530",2016-03-06,"Hamburg","Hertha","2","0","H",14,3,5,1,3,2
"531",2016-03-06,"Mainz","Darmstadt","0","0","D",11,15,4,3,3,1
"532",2016-03-11,"Hertha","Schalke 04","2","0","H",16,15,5,4,5,5
"533",2016-03-12,"Bayern Munich","Werder Bremen","5","0","H",20,2,13,1,11,4
"534",2016-03-12,"Darmstadt","Augsburg","2","2","D",11,16,6,5,3,8
"535",2016-03-12,"Hannover","FC Koln","0","2","A",17,12,2,5,9,1
"536",2016-03-12,"Hoffenheim","Wolfsburg","1","0","H",11,15,2,9,3,5
"537",2016-03-12,"Ingolstadt","Stuttgart","3","3","D",22,16,8,6,3,7
"538",2016-03-12,"M'gladbach","Ein Frankfurt","3","0","H",16,4,8,0,1,1
"539",2016-03-13,"Dortmund","Mainz","2","0","H",22,4,10,0,8,2
"540",2016-03-13,"Leverkusen","Hamburg","1","0","H",14,10,4,5,5,7
"541",2016-03-18,"Schalke 04","M'gladbach","2","1","H",6,22,3,8,2,5
"542",2016-03-19,"Ein Frankfurt","Hannover","1","0","H",11,8,5,3,13,3
"543",2016-03-19,"FC Koln","Bayern Munich","0","1","A",6,6,2,3,0,5
"544",2016-03-19,"Hamburg","Hoffenheim","1","3","A",24,14,11,9,10,3
"545",2016-03-19,"Hertha","Ingolstadt","2","1","H",7,9,2,2,3,6
"546",2016-03-19,"Werder Bremen","Mainz","1","1","D",11,10,3,2,1,5
"547",2016-03-19,"Wolfsburg","Darmstadt","1","1","D",20,11,5,1,8,1
"548",2016-03-20,"Augsburg","Dortmund","1","3","A",7,13,4,5,2,3
"549",2016-03-20,"Stuttgart","Leverkusen","0","2","A",14,15,5,9,2,9
"550",2016-04-01,"Leverkusen","Wolfsburg","3","0","H",12,10,5,5,6,2
"551",2016-04-02,"Bayern Munich","Ein Frankfurt","1","0","H",21,4,10,0,5,1
"552",2016-04-02,"Darmstadt","Stuttgart","2","2","D",15,9,6,3,6,3
"553",2016-04-02,"Dortmund","Werder Bremen","3","2","H",23,9,8,3,11,2
"554",2016-04-02,"Hannover","Hamburg","0","3","A",16,9,8,4,5,4
"555",2016-04-02,"Ingolstadt","Schalke 04","3","0","H",12,9,4,2,5,6
"556",2016-04-02,"Mainz","Augsburg","4","2","H",19,14,7,5,4,3
"557",2016-04-03,"Hoffenheim","FC Koln","1","1","D",15,9,5,1,4,8
"558",2016-04-03,"M'gladbach","Hertha","5","0","H",17,7,8,2,7,6
"559",2016-04-08,"Hertha","Hannover","2","2","D",13,11,8,3,7,4
"560",2016-04-09,"Ein Frankfurt","Hoffenheim","0","2","A",12,8,3,6,8,4
"561",2016-04-09,"Hamburg","Darmstadt","1","2","A",9,9,3,4,5,1
"562",2016-04-09,"Ingolstadt","M'gladbach","1","0","H",15,7,4,3,5,3
"563",2016-04-09,"Stuttgart","Bayern Munich","1","3","A",9,13,2,6,7,4
"564",2016-04-09,"Werder Bremen","Augsburg","1","2","A",17,4,4,3,10,0
"565",2016-04-09,"Wolfsburg","Mainz","1","1","D",16,17,3,9,7,12
"566",2016-04-10,"FC Koln","Leverkusen","0","2","A",18,12,9,6,8,8
"567",2016-04-10,"Schalke 04","Dortmund","2","2","D",10,16,2,5,1,9
"568",2016-04-15,"Hannover","M'gladbach","2","0","H",12,8,8,2,5,3
"569",2016-04-16,"Augsburg","Stuttgart","1","0","H",13,10,6,4,4,8
"570",2016-04-16,"Bayern Munich","Schalke 04","3","0","H",14,7,7,4,6,2
"571",2016-04-16,"Darmstadt","Ingolstadt","2","0","H",6,8,3,3,2,4
"572",2016-04-16,"Hoffenheim","Hertha","2","1","H",17,10,7,2,3,5
"573",2016-04-16,"Leverkusen","Ein Frankfurt","3","0","H",12,9,6,6,3,2
"574",2016-04-16,"Werder Bremen","Wolfsburg","3","2","H",21,8,9,3,7,1
"575",2016-04-17,"Dortmund","Hamburg","3","0","H",14,5,5,1,10,0
"576",2016-04-17,"Mainz","FC Koln","2","3","A",18,12,7,4,6,7
"577",2016-04-22,"Hamburg","Werder Bremen","2","1","H",12,21,7,10,5,4
"578",2016-04-23,"FC Koln","Darmstadt","4","1","H",15,15,9,2,3,6
"579",2016-04-23,"Hertha","Bayern Munich","0","2","A",9,6,0,6,1,3
"580",2016-04-23,"Ingolstadt","Hannover","2","2","D",8,14,3,4,2,7
"581",2016-04-23,"Schalke 04","Leverkusen","2","3","A",20,16,8,6,6,4
"582",2016-04-23,"Stuttgart","Dortmund","0","3","A",8,16,1,9,3,4
"583",2016-04-23,"Wolfsburg","Augsburg","0","2","A",19,8,7,4,6,1
"584",2016-04-24,"Ein Frankfurt","Mainz","2","1","H",8,7,4,4,5,2
"585",2016-04-24,"M'gladbach","Hoffenheim","3","1","H",24,14,11,8,12,3
"586",2016-04-29,"Augsburg","FC Koln","0","0","D",13,8,1,1,5,5
"587",2016-04-30,"Bayern Munich","M'gladbach","1","1","D",9,8,4,2,7,5
"588",2016-04-30,"Darmstadt","Ein Frankfurt","1","2","A",11,12,6,4,4,8
"589",2016-04-30,"Dortmund","Wolfsburg","5","1","H",20,6,10,4,7,6
"590",2016-04-30,"Hannover","Schalke 04","1","3","A",21,10,2,7,9,3
"591",2016-04-30,"Hoffenheim","Ingolstadt","2","1","H",10,16,6,8,2,7
"592",2016-04-30,"Leverkusen","Hertha","2","1","H",18,9,8,3,6,4
"593",2016-04-30,"Mainz","Hamburg","0","0","D",12,7,4,4,6,4
"594",2016-05-02,"Werder Bremen","Stuttgart","6","2","H",16,13,9,4,3,5
"595",2016-05-07,"Ein Frankfurt","Dortmund","1","0","H",6,13,4,2,3,5
"596",2016-05-07,"FC Koln","Werder Bremen","0","0","D",9,13,4,1,8,7
"597",2016-05-07,"Hamburg","Wolfsburg","0","1","A",5,11,0,6,5,4
"598",2016-05-07,"Hannover","Hoffenheim","1","0","H",15,15,4,4,3,5
"599",2016-05-07,"Hertha","Darmstadt","1","2","A",17,7,4,3,10,1
"600",2016-05-07,"Ingolstadt","Bayern Munich","1","2","A",16,12,4,6,4,3
"601",2016-05-07,"M'gladbach","Leverkusen","2","1","H",14,17,6,8,6,3
"602",2016-05-07,"Schalke 04","Augsburg","1","1","D",20,5,5,2,9,2
"603",2016-05-07,"Stuttgart","Mainz","1","3","A",8,19,3,11,6,9
"604",2016-05-14,"Augsburg","Hamburg","1","3","A",12,13,7,6,2,4
"605",2016-05-14,"Bayern Munich","Hannover","3","1","H",20,20,11,5,11,5
"606",2016-05-14,"Darmstadt","M'gladbach","0","2","A",9,21,0,3,3,6
"607",2016-05-14,"Dortmund","FC Koln","2","2","D",13,6,5,5,2,1
"608",2016-05-14,"Hoffenheim","Schalke 04","1","4","A",14,12,4,8,7,2
"609",2016-05-14,"Leverkusen","Ingolstadt","3","2","H",10,21,6,5,2,4
"610",2016-05-14,"Mainz","Hertha","0","0","D",7,11,3,5,2,2
"611",2016-05-14,"Werder Bremen","Ein Frankfurt","1","0","H",14,4,3,2,6,4
"612",2016-05-14,"Wolfsburg","Stuttgart","3","1","H",17,13,7,6,7,9
"613",2016-08-26,"Bayern Munich","Werder Bremen","6","0","H",27,4,14,2,8,1
"614",2016-08-27,"Augsburg","Wolfsburg","0","2","A",13,12,2,6,2,3
"615",2016-08-27,"Dortmund","Mainz","2","1","H",17,12,8,4,7,2
"616",2016-08-27,"Ein Frankfurt","Schalke 04","1","0","H",11,11,4,3,7,5
"617",2016-08-27,"FC Koln","Darmstadt","2","0","H",21,12,8,3,6,5
"618",2016-08-27,"Hamburg","Ingolstadt","1","1","D",8,13,1,5,4,5
"619",2016-08-27,"M'gladbach","Leverkusen","2","1","H",14,12,9,6,7,3
"620",2016-08-28,"Hertha","Freiburg","2","1","H",15,8,5,2,5,2
"621",2016-08-28,"Hoffenheim","RB Leipzig","2","2","D",11,23,5,9,2,9
"622",2016-09-09,"Schalke 04","Bayern Munich","0","2","A",9,18,2,2,2,7
"623",2016-09-10,"Darmstadt","Ein Frankfurt","1","0","H",8,14,1,3,1,4
"624",2016-09-10,"Freiburg","M'gladbach","3","1","H",17,5,7,2,3,4
"625",2016-09-10,"Ingolstadt","Hertha","0","2","A",12,7,5,6,6,1
"626",2016-09-10,"Leverkusen","Hamburg","3","1","H",15,6,5,2,4,1
"627",2016-09-10,"RB Leipzig","Dortmund","1","0","H",10,8,4,1,5,7
"628",2016-09-10,"Wolfsburg","FC Koln","0","0","D",18,16,4,9,8,4
"629",2016-09-11,"Mainz","Hoffenheim","4","4","D",12,20,6,5,8,5
"630",2016-09-11,"Werder Bremen","Augsburg","1","2","A",10,18,1,5,0,4
"631",2016-09-16,"FC Koln","Freiburg","3","0","H",9,17,3,8,4,6
"632",2016-09-17,"Bayern Munich","Ingolstadt","3","1","H",10,13,5,5,5,5
"633",2016-09-17,"Dortmund","Darmstadt","6","0","H",22,5,14,1,12,2
"634",2016-09-17,"Ein Frankfurt","Leverkusen","2","1","H",17,7,8,3,1,3
"635",2016-09-17,"Hamburg","RB Leipzig","0","4","A",14,12,2,6,8,3
"636",2016-09-17,"Hoffenheim","Wolfsburg","0","0","D",20,20,5,9,3,11
"637",2016-09-17,"M'gladbach","Werder Bremen","4","1","H",15,9,7,5,10,4
"638",2016-09-18,"Augsburg","Mainz","1","3","A",12,11,5,6,2,7
"639",2016-09-18,"Hertha","Schalke 04","2","0","H",8,11,2,4,4,6
"640",2016-09-20,"Darmstadt","Hoffenheim","1","1","D",12,15,3,4,2,6
"641",2016-09-20,"Freiburg","Hamburg","1","0","H",19,7,4,0,7,0
"642",2016-09-20,"Ingolstadt","Ein Frankfurt","0","2","A",13,9,3,5,6,4
"643",2016-09-20,"Wolfsburg","Dortmund","1","5","A",15,10,9,9,2,3
"644",2016-09-21,"Bayern Munich","Hertha","3","0","H",16,2,7,2,6,2
"645",2016-09-21,"Leverkusen","Augsburg","0","0","D",14,5,6,2,6,3
"646",2016-09-21,"RB Leipzig","M'gladbach","1","1","D",9,3,5,1,5,2
"647",2016-09-21,"Schalke 04","FC Koln","1","3","A",18,9,8,5,8,4
"648",2016-09-21,"Werder Bremen","Mainz","1","2","A",13,13,7,6,3,14
"649",2016-09-23,"Dortmund","Freiburg","3","1","H",24,9,5,5,15,3
"650",2016-09-24,"Augsburg","Darmstadt","1","0","H",19,4,6,0,3,5
"651",2016-09-24,"Ein Frankfurt","Hertha","3","3","D",11,6,4,4,4,1
"652",2016-09-24,"Hamburg","Bayern Munich","0","1","A",7,17,1,8,3,5
"653",2016-09-24,"Mainz","Leverkusen","2","3","A",9,16,5,6,6,1
"654",2016-09-24,"M'gladbach","Ingolstadt","2","0","H",7,8,5,2,1,3
"655",2016-09-24,"Werder Bremen","Wolfsburg","2","1","H",16,11,4,3,6,2
"656",2016-09-25,"FC Koln","RB Leipzig","1","1","D",10,12,2,2,1,6
"657",2016-09-25,"Hoffenheim","Schalke 04","2","1","H",14,12,2,5,2,6
"658",2016-09-30,"RB Leipzig","Augsburg","2","1","H",17,6,10,2,6,3
"659",2016-10-01,"Bayern Munich","FC Koln","1","1","D",27,5,3,2,10,3
"660",2016-10-01,"Darmstadt","Werder Bremen","2","2","D",9,14,2,7,5,10
"661",2016-10-01,"Freiburg","Ein Frankfurt","1","0","H",11,14,3,3,9,4
"662",2016-10-01,"Hertha","Hamburg","2","0","H",14,16,5,3,7,3
"663",2016-10-01,"Ingolstadt","Hoffenheim","1","2","A",18,21,5,9,8,5
"664",2016-10-01,"Leverkusen","Dortmund","2","0","H",11,10,6,4,1,9
"665",2016-10-02,"Schalke 04","M'gladbach","4","0","H",15,12,8,4,3,5
"666",2016-10-02,"Wolfsburg","Mainz","0","0","D",19,8,3,2,11,3
"667",2016-10-14,"Dortmund","Hertha","1","1","D",15,9,6,2,5,0
"668",2016-10-15,"Augsburg","Schalke 04","1","1","D",11,12,5,3,6,4
"669",2016-10-15,"Ein Frankfurt","Bayern Munich","2","2","D",13,14,4,5,2,6
"670",2016-10-15,"FC Koln","Ingolstadt","2","1","H",15,9,3,1,5,3
"671",2016-10-15,"Hoffenheim","Freiburg","2","1","H",14,13,4,6,8,5
"672",2016-10-15,"M'gladbach","Hamburg","0","0","D",22,5,4,0,10,3
"673",2016-10-15,"Werder Bremen","Leverkusen","2","1","H",11,13,5,6,0,2
"674",2016-10-16,"Mainz","Darmstadt","2","1","H",13,12,5,4,7,7
"675",2016-10-16,"Wolfsburg","RB Leipzig","0","1","A",10,13,2,6,7,4
"676",2016-10-21,"Hamburg","Ein Frankfurt","0","3","A",3,13,0,4,0,2
"677",2016-10-22,"Bayern Munich","M'gladbach","2","0","H",17,3,5,0,8,1
"678",2016-10-22,"Darmstadt","Wolfsburg","3","1","H",9,9,5,1,1,4
"679",2016-10-22,"Freiburg","Augsburg","2","1","H",12,14,5,6,0,1
"680",2016-10-22,"Hertha","FC Koln","2","1","H",13,10,7,2,4,5
"681",2016-10-22,"Ingolstadt","Dortmund","3","3","D",12,24,7,10,2,8
"682",2016-10-22,"Leverkusen","Hoffenheim","0","3","A",6,14,1,8,5,3
"683",2016-10-23,"RB Leipzig","Werder Bremen","3","1","H",22,7,6,3,6,5
"684",2016-10-23,"Schalke 04","Mainz","3","0","H",11,10,5,4,3,3
"685",2016-10-28,"M'gladbach","Ein Frankfurt","0","0","D",7,6,2,1,3,6
"686",2016-10-29,"Augsburg","Bayern Munich","1","3","A",7,16,3,8,4,10
"687",2016-10-29,"Darmstadt","RB Leipzig","0","2","A",4,11,0,4,2,6
"688",2016-10-29,"Dortmund","Schalke 04","0","0","D",9,8,1,2,1,4
"689",2016-10-29,"Mainz","Ingolstadt","2","0","H",17,5,8,2,5,0
"690",2016-10-29,"Werder Bremen","Freiburg","1","3","A",14,13,4,5,4,4
"691",2016-10-29,"Wolfsburg","Leverkusen","1","2","A",6,18,2,6,1,4
"692",2016-10-30,"FC Koln","Hamburg","3","0","H",18,9,6,2,7,4
"693",2016-10-30,"Hoffenheim","Hertha","1","0","H",24,5,7,2,7,3
"694",2016-11-04,"Hertha","M'gladbach","3","0","H",12,11,6,2,4,1
"695",2016-11-05,"Bayern Munich","Hoffenheim","1","1","D",21,5,5,3,8,1
"696",2016-11-05,"Ein Frankfurt","FC Koln","1","0","H",8,6,1,1,4,5
"697",2016-11-05,"Freiburg","Wolfsburg","0","3","A",12,13,2,5,6,9
"698",2016-11-05,"Hamburg","Dortmund","2","5","A",14,10,6,6,5,3
"699",2016-11-05,"Ingolstadt","Augsburg","0","2","A",14,13,5,5,3,6
"700",2016-11-05,"Leverkusen","Darmstadt","3","2","H",12,6,4,3,6,5
"701",2016-11-06,"RB Leipzig","Mainz","3","1","H",15,11,5,3,3,6
"702",2016-11-06,"Schalke 04","Werder Bremen","3","1","H",24,8,6,5,3,6
"703",2016-11-18,"Leverkusen","RB Leipzig","2","3","A",12,11,6,4,6,9
"704",2016-11-19,"Augsburg","Hertha","0","0","D",9,10,3,4,4,3
"705",2016-11-19,"Darmstadt","Ingolstadt","0","1","A",18,15,4,7,8,11
"706",2016-11-19,"Dortmund","Bayern Munich","1","0","H",11,18,4,3,3,9
"707",2016-11-19,"Mainz","Freiburg","4","2","H",11,24,6,11,3,5
"708",2016-11-19,"M'gladbach","FC Koln","1","2","A",20,11,8,4,7,3
"709",2016-11-19,"Wolfsburg","Schalke 04","0","1","A",8,19,0,4,3,5
"710",2016-11-20,"Hoffenheim","Hamburg","2","2","D",18,14,5,4,8,6
"711",2016-11-20,"Werder Bremen","Ein Frankfurt","1","2","A",14,19,4,9,3,6
"712",2016-11-25,"Freiburg","RB Leipzig","1","4","A",9,16,3,7,4,5
"713",2016-11-26,"Bayern Munich","Leverkusen","2","1","H",13,13,8,4,6,3
"714",2016-11-26,"Ein Frankfurt","Dortmund","2","1","H",12,12,4,5,4,5
"715",2016-11-26,"FC Koln","Augsburg","0","0","D",18,13,5,2,3,5
"716",2016-11-26,"Hamburg","Werder Bremen","2","2","D",17,12,7,4,5,3
"717",2016-11-26,"Ingolstadt","Wolfsburg","1","1","D",20,11,5,3,4,5
"718",2016-11-26,"M'gladbach","Hoffenheim","1","1","D",16,15,8,4,2,6
"719",2016-11-27,"Hertha","Mainz","2","1","H",16,9,5,4,5,3
"720",2016-11-27,"Schalke 04","Darmstadt","3","1","H",20,9,7,2,5,6
"721",2016-12-02,"Mainz","Bayern Munich","1","3","A",9,15,3,6,1,5
"722",2016-12-03,"Dortmund","M'gladbach","4","1","H",15,3,7,1,9,3
"723",2016-12-03,"Hoffenheim","FC Koln","4","0","H",10,10,6,1,3,4
"724",2016-12-03,"Leverkusen","Freiburg","1","1","D",13,10,6,2,4,3
"725",2016-12-03,"RB Leipzig","Schalke 04","2","1","H",14,11,5,5,8,5
"726",2016-12-03,"Werder Bremen","Ingolstadt","2","1","H",14,15,5,5,3,4
"727",2016-12-03,"Wolfsburg","Hertha","2","3","A",6,18,4,8,0,2
"728",2016-12-04,"Augsburg","Ein Frankfurt","1","1","D",14,7,5,4,5,2
"729",2016-12-04,"Darmstadt","Hamburg","0","2","A",10,21,2,5,1,4
"730",2016-12-09,"Ein Frankfurt","Hoffenheim","0","0","D",15,3,3,0,11,2
"731",2016-12-10,"Bayern Munich","Wolfsburg","5","0","H",19,6,10,3,10,2
"732",2016-12-10,"FC Koln","Dortmund","1","1","D",7,11,2,4,1,6
"733",2016-12-10,"Freiburg","Darmstadt","1","0","H",12,16,2,4,6,5
"734",2016-12-10,"Hamburg","Augsburg","1","0","H",11,11,5,2,3,5
"735",2016-12-10,"Hertha","Werder Bremen","0","1","A",11,13,4,6,5,1
"736",2016-12-10,"Ingolstadt","RB Leipzig","1","0","H",4,13,1,3,3,4
"737",2016-12-11,"M'gladbach","Mainz","1","0","H",9,12,3,4,4,1
"738",2016-12-11,"Schalke 04","Leverkusen","0","1","A",11,13,0,2,4,3
"739",2016-12-16,"Hoffenheim","Dortmund","2","2","D",13,14,5,4,2,4
"740",2016-12-17,"Augsburg","M'gladbach","1","0","H",8,8,1,3,3,0
"741",2016-12-17,"Mainz","Hamburg","3","1","H",19,10,8,3,6,6
"742",2016-12-17,"RB Leipzig","Hertha","2","0","H",16,3,8,0,9,1
"743",2016-12-17,"Schalke 04","Freiburg","1","1","D",17,6,2,2,9,1
"744",2016-12-17,"Werder Bremen","FC Koln","1","1","D",10,14,5,5,4,5
"745",2016-12-17,"Wolfsburg","Ein Frankfurt","1","0","H",15,7,3,1,4,2
"746",2016-12-18,"Darmstadt","Bayern Munich","0","1","A",10,13,2,2,3,1
"747",2016-12-18,"Leverkusen","Ingolstadt","1","2","A",5,17,3,7,1,4
"748",2016-12-20,"Dortmund","Augsburg","1","1","D",23,8,8,3,6,2
"749",2016-12-20,"Ein Frankfurt","Mainz","3","0","H",9,11,4,6,6,6
"750",2016-12-20,"Hamburg","Schalke 04","2","1","H",11,6,7,3,4,5
"751",2016-12-20,"M'gladbach","Wolfsburg","1","2","A",20,18,4,7,5,6
"752",2016-12-21,"Bayern Munich","RB Leipzig","3","0","H",24,5,11,2,9,4
"753",2016-12-21,"FC Koln","Leverkusen","1","1","D",11,18,2,6,4,5
"754",2016-12-21,"Hertha","Darmstadt","2","0","H",15,5,5,0,6,4
"755",2016-12-21,"Hoffenheim","Werder Bremen","1","1","D",12,10,3,3,5,9
"756",2016-12-21,"Ingolstadt","Freiburg","1","2","A",17,11,6,5,6,3
"757",2017-01-20,"Freiburg","Bayern Munich","1","2","A",11,13,3,5,1,11
"758",2017-01-21,"Augsburg","Hoffenheim","0","2","A",9,13,2,3,4,4
"759",2017-01-21,"Darmstadt","M'gladbach","0","0","D",8,14,2,4,4,6
"760",2017-01-21,"RB Leipzig","Ein Frankfurt","3","0","H",17,4,7,3,3,3
"761",2017-01-21,"Schalke 04","Ingolstadt","1","0","H",15,14,5,3,7,3
"762",2017-01-21,"Werder Bremen","Dortmund","1","2","A",9,22,5,8,3,5
"763",2017-01-21,"Wolfsburg","Hamburg","1","0","H",11,11,3,1,5,3
"764",2017-01-22,"Leverkusen","Hertha","3","1","H",16,7,9,3,7,3
"765",2017-01-22,"Mainz","FC Koln","0","0","D",12,9,5,3,5,5
"766",2017-01-27,"Schalke 04","Ein Frankfurt","0","1","A",12,8,2,1,3,2
"767",2017-01-28,"Darmstadt","FC Koln","1","6","A",10,14,4,7,3,4
"768",2017-01-28,"Ingolstadt","Hamburg","3","1","H",15,11,7,3,1,6
"769",2017-01-28,"Leverkusen","M'gladbach","2","3","A",13,12,4,7,9,5
"770",2017-01-28,"RB Leipzig","Hoffenheim","2","1","H",14,5,5,2,7,4
"771",2017-01-28,"Werder Bremen","Bayern Munich","1","2","A",11,13,4,4,2,7
"772",2017-01-28,"Wolfsburg","Augsburg","1","2","A",11,12,5,5,5,6
"773",2017-01-29,"Freiburg","Hertha","2","1","H",11,11,4,2,6,4
"774",2017-01-29,"Mainz","Dortmund","1","1","D",9,13,1,4,2,4
